date,DA_TAC,PAR,L1-VWC,LE,Hs,SOC,NDVI,Target
2005/1/1,-5.66125,199.1055716,0.231625,0.741010281,0.509462203,1.99,0.29659998,2.012629269
2005/1/2,-1.523229167,197.1283031,0.217604167,0.722264834,0.069598694,1.99,0.29659998,1.212670535
2005/1/3,-0.3245625,185.3469001,0.230270833,0.707866211,0.917630252,1.99,0.29659998,1.629293162
2005/1/4,-3.3999375,213.6233707,0.228895833,0.81905868,1.491961029,1.99,0.29659998,1.396424476
2005/1/5,-3.3735625,78.87108042,0.2118125,0.490154671,-0.086336257,1.99,0.29659998,1.443330661
2005/1/6,-2.300458333,133.2303449,0.2055,0.452543172,0.092056459,1.99,0.29659998,1.390843835
2005/1/7,-4.153916667,187.896483,0.201791667,0.622243971,0.190220853,1.99,0.29659998,1.988843844
2005/1/8,-4.484375,181.7226934,0.188625,0.482308324,1.069036661,1.99,0.29659998,1.563084378
2005/1/9,-4.618333333,203.3435256,0.1776875,0.667266798,1.865809896,1.99,0.29659998,1.456093335
2005/1/10,-2.743916667,154.5808404,0.174479167,0.570114603,1.504379609,1.99,0.29659998,1.490945578
2005/1/11,-3.4945625,197.0532928,0.171729167,0.616588561,1.640418356,1.99,0.29659998,1.483427921
2005/1/12,-3.783666667,196.4759364,0.168479167,0.535153107,1.941054006,1.99,0.29659998,1.467947036
2005/1/13,-2.925875,146.5740301,0.167270833,0.366825633,1.407984437,1.99,0.29659998,1.489882913
2005/1/14,-4.047020833,126.2943952,0.166208333,0.180375856,3.19394202,1.99,0.29659998,1.459306898
2005/1/15,-4.104979167,196.9937742,0.162416667,0.554410329,1.800984511,1.99,0.29659998,1.433301372
2005/1/16,-2.505333333,215.4308156,0.161770833,0.701251257,2.120179103,1.99,0.29659998,1.477760812
2005/1/17,-0.954770833,139.8638785,0.165270833,0.531012588,1.982642147,1.99,0.29659998,1.570701322
2005/1/18,-2.842729167,214.8194799,0.1635,0.644699428,2.010842837,1.99,0.29659998,1.517961177
2005/1/19,-1.934979167,202.4664568,0.1628125,0.609075172,1.59122679,1.99,0.29659998,1.517266867
2005/1/20,-2.835875,178.5272475,0.162666667,0.395739054,2.155523162,1.99,0.29659998,1.515336933
2005/1/21,-1.957479167,134.7845159,0.162041667,0.402382952,0.419185127,1.99,0.29659998,1.523853966
2005/1/22,0.760458333,174.3785167,0.167729167,0.454911062,2.076885129,1.99,0.29659998,1.687323405
2005/1/23,0.541104167,166.9644449,0.169770833,0.501784946,1.936090187,1.99,0.29659998,1.653512662
2005/1/24,0.726916667,182.972658,0.1741875,0.498140516,2.079124378,1.99,0.29659998,1.730190115
2005/1/25,-1.820291667,221.2633504,0.178541667,0.520954445,2.895464554,1.99,0.29659998,1.74611787
2005/1/26,-2.6581875,127.5235703,0.177604167,0.483551638,1.262290029,1.99,0.29659998,1.65295687
2005/1/27,0.074458333,160.8366188,0.1765,0.443905362,1.723832911,1.99,0.29659998,1.692113847
2005/1/28,2.158520833,213.8610069,0.178875,0.549448238,2.28458307,1.99,0.29659998,1.736602496
2005/1/29,-3.109020833,244.5400357,0.183395833,0.669186536,3.296143657,1.99,0.29659998,1.740492463
2005/1/30,-3.67975,227.0591655,0.181354167,0.511296449,3.120826844,1.99,0.29659998,1.645512919
2005/1/31,-3.467479167,238.3381493,0.173291667,0.644342729,3.379988369,1.99,0.29659998,1.567542254
2005/2/1,-5.828645833,265.292641,0.166708333,0.916032262,3.569431392,1.99,0.2641,1.463715593
2005/2/2,-5.114770833,233.049832,0.162458333,0.477257766,2.60750276,1.99,0.2641,1.382817089
2005/2/3,-0.819583333,171.3604575,0.1629375,0.585823118,1.95724436,1.99,0.2641,1.440924242
2005/2/4,-0.631708333,141.6814807,0.168520833,0.366431909,1.37064173,1.99,0.2641,1.087239083
2005/2/5,-2.668083333,169.3498308,0.173104167,0.50497324,3.100263685,1.99,0.2641,0.800244643
2005/2/6,-3.2580625,106.0566316,0.173979167,0.41066035,1.989231001,1.99,0.2641,0.971718947
2005/2/7,-4.642979167,143.1058725,0.175708333,0.899187761,1.185056416,1.99,0.2641,1.640743483
2005/2/8,-3.1075625,108.0168739,0.174020833,0.587892143,0.961426544,1.99,0.2641,1.572792001
2005/2/9,-2.7723125,183.2698858,0.174854167,0.891340672,2.115178187,1.99,0.2641,1.670306592
2005/2/10,-4.381729167,275.7575822,0.16725,1.034292513,3.911941458,1.99,0.2641,1.483670418
2005/2/11,-2.369270833,157.0180356,0.168645833,0.495762392,1.488269099,1.99,0.2641,1.391365977
2005/2/12,-1.557208333,207.4242976,0.170833333,0.381031805,2.282890906,1.99,0.2641,1.266403246
2005/2/13,-0.668541667,236.2446203,0.172625,0.470153918,3.179897609,1.99,0.2641,1.448287615
2005/2/14,1.0805625,55.15412518,0.178875,0.11814296,-0.106227501,1.99,0.2641,1.702949822
2005/2/15,-0.1594375,65.31613879,0.184625,0.415745544,-0.448979413,1.99,0.2641,1.769600615
2005/2/16,-2.348666667,179.7776505,0.190104167,0.651425834,0.153548117,1.99,0.2641,1.537868183
2005/2/17,-3.5109375,219.720652,0.194666667,1.072473003,-0.042683874,1.99,0.2641,1.263247107
2005/2/18,-4.180354167,256.7480803,0.198208333,0.811744319,-0.354694789,1.99,0.2641,1.359693324
2005/2/19,-7.832333333,343.952538,0.199145833,1.044554272,0.279542665,1.99,0.2641,1.393495607
2005/2/20,-6.249645833,341.2392698,0.1796875,0.804359928,0.115524101,1.99,0.2641,1.315157039
2005/2/21,-0.505666667,292.1042003,0.1733125,1.454237031,-1.249714732,1.99,0.2641,1.484667779
2005/2/22,2.503833333,236.0909825,0.180395833,1.684636697,-0.397578665,1.99,0.2641,1.00891939
2005/2/23,-0.648666667,56.49934151,0.1885,1.760857971,0.332195449,1.99,0.2641,1.005492091
2005/2/24,-1.302229167,43.36596286,0.1945625,0.849763467,0.000991465,1.99,0.2641,1.37242444
2005/2/25,-2.369416667,346.1054395,0.198416667,2.968963979,2.675804574,1.99,0.2641,1.561912671
2005/2/26,-0.564854167,341.401311,0.198229167,2.63278004,1.414651264,1.99,0.2641,1.556435899
2005/2/27,3.0785,277.0685269,0.1996875,2.782280155,0.479528989,1.99,0.2641,1.74542211
2005/2/28,3.268104167,239.6650606,0.205229167,2.044514776,0.137610717,1.99,0.2641,1.778889284
2005/3/1,1.14625,224.7861671,0.213583333,1.471513885,0.84065024,1.99,0.2911,1.632393692
2005/3/2,0.222708333,255.6709719,0.227270833,2.024879779,1.882565171,1.99,0.2911,1.784089999
2005/3/3,1.354875,276.823693,0.2450625,2.460810906,0.880317332,1.99,0.2911,1.395757008
2005/3/4,-0.476166667,371.0288804,0.260979167,3.738970305,3.092858173,1.99,0.2911,1.347153026
2005/3/5,1.200020833,380.3687037,0.2740625,2.949056146,2.193291556,1.99,0.2911,1.780179603
2005/3/6,7.966083333,346.6860477,0.295291667,3.737533918,0.872690049,1.99,0.2911,1.534897138
2005/3/7,5.8388125,325.5932837,0.327083333,3.203883853,2.417747986,1.99,0.2911,1.92461548
2005/3/8,3.265354167,306.5348954,0.324354167,2.404045209,2.357170821,1.99,0.2911,1.741987916
2005/3/9,4.321166667,274.7575667,0.319833333,1.775803005,1.857009595,1.99,0.2911,2.058148102
2005/3/10,1.976333333,98.31833117,0.316729167,1.52674655,0.656359305,1.99,0.2911,1.420507894
2005/3/11,-1.601208333,399.6436829,0.309270833,2.085671101,4.938636069,1.99,0.2911,-0.345433845
2005/3/12,-0.9229375,420.1718784,0.304020833,1.778061806,4.970481895,1.99,0.2911,0.236789027
2005/3/13,1.783020833,407.5287521,0.301604167,1.656265654,2.814600815,1.99,0.2911,0.196544298
2005/3/14,4.802583333,264.6621599,0.301541667,1.895284108,1.927316189,1.99,0.2911,0.208470004
2005/3/15,6.998645833,326.0163812,0.303916667,2.084538538,2.360675517,1.99,0.2911,0.296110723
2005/3/16,8.41025,111.0886059,0.3053125,0.949318593,-0.303304283,1.99,0.2911,0.609056272
2005/3/17,7.2945625,321.8065973,0.305708333,2.396922469,2.173242535,1.99,0.2911,-0.208459221
2005/3/18,4.045854167,388.7919253,0.304041667,2.494585882,3.169684969,1.99,0.2911,-0.411317312
2005/3/19,5.51,123.7730919,0.301958333,1.320592889,-0.619900349,1.99,0.2911,0.205834501
2005/3/20,8.87725,305.4241365,0.3039375,2.32410795,1.40895452,1.99,0.2911,-0.688699978
2005/3/21,7.805395833,122.1812514,0.306520833,1.232783238,0.110224372,1.99,0.2911,0.233387839
2005/3/22,6.469,222.6042553,0.305270833,2.380663821,0.632576468,1.99,0.2911,-0.800512922
2005/3/23,7.747729167,334.6322985,0.305895833,2.886914189,1.007045777,1.99,0.2911,-0.939682544
2005/3/24,4.242979167,463.9600619,0.304041667,3.193733263,3.493572817,1.99,0.2911,-1.952454171
2005/3/25,9.495583333,438.5738444,0.303520833,3.567686033,2.592313991,1.99,0.2911,-1.547760159
2005/3/26,12.4814375,398.3510797,0.304833333,4.206410438,2.134351511,1.99,0.2911,-1.893258718
2005/3/27,12.59222917,323.7569381,0.304458333,3.607759927,1.026067011,1.99,0.2911,-1.62065997
2005/3/28,9.398270833,364.9366047,0.302416667,4.093374751,2.547691669,1.99,0.2911,-2.519683869
2005/3/29,8.714625,437.6275382,0.298020833,4.924606331,2.005775348,1.99,0.2911,-3.101112701
2005/3/30,11.31747917,441.5073937,0.296125,5.106625851,1.499389016,1.99,0.2911,-2.87708116
2005/3/31,12.88358333,391.2599942,0.295770833,5.191142007,0.75900093,1.99,0.2911,-3.488042331
2005/4/1,7.589270833,193.2466938,0.293375,2.581196163,0.228136713,1.99,0.4865,-2.588785771
2005/4/2,10.60029167,432.3114163,0.29175,6.204335481,2.504748487,1.99,0.4865,-5.49300729
2005/4/3,12.42283333,399.2436036,0.29175,6.162445659,0.801449,1.99,0.4865,-3.199766408
2005/4/4,16.82333333,436.1759629,0.291666667,9.604317942,-3.726140755,1.99,0.4865,-2.561179087
2005/4/5,20.55041667,367.6628435,0.410104167,8.970238824,-4.980238906,1.99,0.4865,-2.391010483
2005/4/6,20.82229167,390.7778896,0.58225,7.555658411,-2.457268497,1.99,0.4865,-4.047513379
2005/4/7,16.981875,174.7041703,0.539854167,9.281285647,-2.743591942,1.99,0.4865,-0.261153644
2005/4/8,11.6278125,169.1961565,0.493375,7.200730389,-0.839227811,1.99,0.4865,-1.781508105
2005/4/9,8.591916667,207.5329219,0.476145833,3.535670727,0.124335783,1.99,0.4865,-5.442558591
2005/4/10,10.58325,422.6867877,0.461333333,8.171154743,0.473563362,1.99,0.4865,-6.93743681
2005/4/11,12.7138125,314.7140869,0.458541667,6.259020173,0.437002804,1.99,0.4865,-6.167330634
2005/4/12,11.17510417,322.4413167,0.450520833,5.936942891,-1.160390546,1.99,0.4865,-6.277156788
2005/4/13,11.91029167,492.7435919,0.4305,8.934541861,0.173288963,1.99,0.4865,-6.293435962
2005/4/14,11.61035417,440.0718216,0.417770833,9.428110566,-0.468463815,1.99,0.4865,-7.978283611
2005/4/15,11.21345833,438.8115901,0.4036875,7.927715962,0.865115071,1.99,0.4865,-7.424930895
2005/4/16,16.59083333,439.6882205,0.397291667,8.169915621,-2.894836357,1.99,0.4865,-6.804967666
2005/4/17,19.65395833,385.4521219,0.396083333,7.898229409,-2.037731703,1.99,0.4865,-6.529284541
2005/4/18,20.33416667,365.4272955,0.390958333,6.86286049,-4.074837115,1.99,0.4865,-7.166145997
2005/4/19,16.320625,182.0327457,0.465770833,7.135720457,-1.728412801,1.99,0.4865,-0.711107396
2005/4/20,10.91935417,374.3324391,0.474958333,10.70629833,-1.523887187,1.99,0.4865,-6.328745312
2005/4/21,12.808375,489.3316646,0.4463125,10.34502108,-0.382191328,1.99,0.4865,-6.726184954
2005/4/22,14.25304167,450.8604799,0.429166667,11.14422038,-1.412487264,1.99,0.4865,-8.53441881
2005/4/23,16.36895833,356.2408177,0.413625,10.77418397,-2.600756823,1.99,0.4865,-5.586931105
2005/4/24,17.69833333,406.7978676,0.4038125,10.1683594,-0.935564549,1.99,0.4865,-7.767473295
2005/4/25,16.2325,422.126019,0.389416667,9.051353335,-2.323943579,1.99,0.4865,-7.030140091
2005/4/26,19.58979167,426.9814104,0.3789375,10.32456954,-5.039737089,1.99,0.4865,-7.360015179
2005/4/27,22.74083333,461.502954,0.375604167,9.870110458,-4.761972335,1.99,0.4865,-8.319845579
2005/4/28,22.38229167,413.5953789,0.368854167,11.50766675,-7.056980185,1.99,0.4865,-7.681133043
2005/4/29,20.04333333,375.5438572,0.354354167,6.433415867,-2.322075825,1.99,0.4865,-7.880798151
2005/4/30,24.27354167,406.8530383,0.3523125,7.564932431,-3.338003206,1.99,0.4865,-9.539999803
2005/5/1,18.91583333,459.8072756,0.341666667,15.38778951,-3.520121347,1.99,0.44959998,-9.322594502
2005/5/2,16.41327083,493.9048448,0.317020833,11.64189427,-2.583106952,1.99,0.44959998,-9.198505445
2005/5/3,19.43208333,444.7357594,0.307604167,12.36248763,-4.389095849,1.99,0.44959998,-8.513656156
2005/5/4,21.51625,357.1086061,0.303354167,8.049719547,-4.035384921,1.99,0.44959998,-8.558662058
2005/5/5,15.32666667,78.19774152,0.305458333,4.097709541,-3.830317195,1.99,0.44959998,-0.142250277
2005/5/6,13.26185417,565.0905302,0.314625,11.85275757,1.163084601,1.99,0.44959998,-9.189107526
2005/5/7,18.52145833,467.4767039,0.33075,11.37080177,-3.441522154,1.99,0.44959998,-7.691555707
2005/5/8,16.46770833,557.0171862,0.4399375,11.05488245,-0.870132404,1.99,0.44959998,-6.011601264
2005/5/9,14.96666667,529.9627294,0.614645833,12.89977015,-0.368406152,1.99,0.44959998,-9.954269584
2005/5/10,13.77322917,306.7470653,0.577541667,7.264309818,-1.054709569,1.99,0.44959998,-5.257480357
2005/5/11,15.24375,448.3303713,0.561,9.42058076,0.742945569,1.99,0.44959998,-9.452950767
2005/5/12,18.46541667,464.6206494,0.534125,10.7142985,-1.816371961,1.99,0.44959998,-9.995635095
2005/5/13,20.723125,348.5972209,0.5239375,7.648845842,-0.371952055,1.99,0.44959998,-7.03472273
2005/5/14,20.27208333,512.7507344,0.510270833,10.00494672,1.072614774,1.99,0.44959998,-9.08876223
2005/5/15,19.90979167,383.4203403,0.493104167,8.072121238,-0.259081408,1.99,0.44959998,-7.442090512
2005/5/16,18.45791667,67.57499734,0.500375,3.143228286,1.575219436,1.99,0.44959998,2.167745335
2005/5/17,14.85354167,113.9146271,0.557541667,4.195084395,2.073244725,1.99,0.44959998,-0.377863041
2005/5/18,17.19875,565.8852813,0.531833333,10.18701436,1.249417287,1.99,0.44959998,-8.436711601
2005/5/19,19.74375,396.9276013,0.508833333,8.379821708,0.039099914,1.99,0.44959998,-8.125389461
2005/5/20,20.65854167,445.3857878,0.490166667,9.423794096,-0.566311937,1.99,0.44959998,-7.129626909
2005/5/21,19.659375,488.8152153,0.469416667,11.7110915,1.442344941,1.99,0.44959998,-7.739614326
2005/5/22,20.93520833,517.6839493,0.448229167,11.38104466,-0.898305418,1.99,0.44959998,-5.894814004
2005/5/23,21.96020833,561.3042822,0.429145833,14.43469464,-1.081814265,1.99,0.44959998,-6.048443787
2005/5/24,22.385625,506.6779329,0.405416667,11.22304269,-0.984225989,1.99,0.44959998,-5.317951078
2005/5/25,21.684375,407.3051827,0.387958333,10.46499708,-0.862289807,1.99,0.44959998,-4.714069439
2005/5/26,21.94395833,412.3776034,0.369104167,9.259138765,-0.36575622,1.99,0.44959998,-6.204387118
2005/5/27,20.85729167,354.5648692,0.357083333,7.71070041,-0.729054515,1.99,0.44959998,-5.329235192
2005/5/28,22.066875,510.8259694,0.3456875,10.23545776,0.029288594,1.99,0.44959998,-6.019205765
2005/5/29,22.17645833,455.0574759,0.338458333,9.686816814,0.537488719,1.99,0.44959998,-3.938517093
2005/5/30,24.41,475.9390566,0.3319375,10.46579284,-4.050772993,1.99,0.44959998,-5.725867247
2005/5/31,24.39708333,332.5930269,0.3268125,7.341618759,-3.988573306,1.99,0.44959998,-3.204646137
2005/6/1,24.64041667,535.0199872,0.322145833,11.0155822,-4.208265924,1.99,0.42479998,-4.186636389
2005/6/2,23.92958333,566.3851064,0.311729167,13.19370393,-1.371884603,1.99,0.42479998,-4.158569658
2005/6/3,25.094375,523.6683315,0.304916667,10.47520231,-1.925452002,1.99,0.42479998,-2.587884395
2005/6/4,24.69125,509.9998697,0.302770833,9.989253909,-0.693428051,1.99,0.42479998,-1.278308622
2005/6/5,23.25729167,272.8153371,0.300416667,5.652045536,-1.429481254,1.99,0.42479998,0.03954445
2005/6/6,23.50645833,435.3286351,0.2995,8.182251521,-0.247759157,1.99,0.42479998,-0.629392742
2005/6/7,24.1925,353.0566251,0.299875,6.864280251,-1.657530479,1.99,0.42479998,1.044509972
2005/6/8,25.188125,328.8427312,0.299395833,5.718566229,-1.009744095,1.99,0.42479998,1.280301228
2005/6/9,21.48979167,44.67117126,0.299645833,0.794067527,-4.792836368,1.99,0.42479998,2.968503481
2005/6/10,22.86541667,327.265542,0.298375,5.273527214,0.331260183,1.99,0.42479998,4.593221105
2005/6/11,26.59041667,433.1942213,0.300333333,5.685415242,3.608805996,1.99,0.42479998,3.708091361
2005/6/12,30.00791667,490.1857882,0.307854167,6.47566862,1.072735388,1.99,0.42479998,2.990701483
2005/6/13,29.344375,366.62472,0.312708333,4.119507749,1.459417875,1.99,0.42479998,3.995017373
2005/6/14,27.98625,378.7230077,0.3200625,2.932670016,0.326917617,1.99,0.42479998,1.94100052
2005/6/15,27.019375,425.6960415,0.327104167,3.774200911,2.814583759,1.99,0.42479998,2.98605489
2005/6/16,28.86604167,347.9135055,0.332270833,2.368301354,-0.061493524,1.99,0.42479998,2.247128896
2005/6/17,31.34791667,469.8514211,0.3388125,2.332028792,4.800883578,1.99,0.42479998,2.811288987
2005/6/18,27.42770833,400.4530487,0.3455,1.26215427,2.563545374,1.99,0.42479998,1.261634925
2005/6/19,28.75333333,464.5586463,0.3495,1.664843188,2.871602387,1.99,0.42479998,2.552366397
2005/6/20,29.25416667,372.2375217,0.353791667,1.12457129,2.874214175,1.99,0.42479998,2.854113853
2005/6/21,28.68145833,501.3111708,0.3528125,1.243977885,4.489783515,1.99,0.42479998,2.824426433
2005/6/22,31.36145833,515.1791973,0.3560625,1.088009249,4.018104851,1.99,0.42479998,2.908241681
2005/6/23,32.65368056,507.0480153,0.3589375,1.541589013,6.348150206,1.99,0.42479998,2.945935327
2005/6/24,32.74375,481.8084936,0.360604167,1.614727852,4.051589615,1.99,0.42479998,4.051024282
2005/6/25,28.72541667,235.0877883,0.3550625,2.080087458,-1.032774269,1.99,0.42479998,3.580117804
2005/6/26,21.55541667,62.57974269,0.334125,2.816768535,-3.823874077,1.99,0.42479998,5.329783979
2005/6/27,22.54791667,234.284378,0.417583333,2.871669306,0.533359556,1.99,0.42479998,5.366788208
2005/6/28,25.29020833,378.237834,0.678354167,3.799518253,0.079606254,1.99,0.42479998,3.941688851
2005/6/29,27.21708333,514.6339934,0.633208333,6.353360008,2.49665457,1.99,0.42479998,4.187150843
2005/6/30,28.04979167,288.7800348,0.6030625,3.587827191,0.052252368,1.99,0.42479998,4.511058223
2005/7/1,28.39458333,326.5428782,0.558458333,3.233555183,4.111519765,2.1,0.66069996,4.951619516
2005/7/2,24.02416667,52.89935876,0.552895833,0.735186594,-2.464999396,2.1,0.66069996,4.511015149
2005/7/3,25.80083333,443.4437409,0.5296875,6.056324242,-0.253752721,2.1,0.66069996,3.043636166
2005/7/4,27.51458333,467.7027944,0.502395833,5.212632888,3.98192586,2.1,0.66069996,3.921420626
2005/7/5,27.86604167,417.5045371,0.483770833,4.840297459,5.217870321,2.1,0.66069996,4.860999088
2005/7/6,28.61125,407.5043089,0.468708333,3.953491015,2.585014919,2.1,0.66069996,3.712361359
2005/7/7,27.94125,373.275426,0.458833333,3.962003075,-0.737181691,2.1,0.66069996,2.573378645
2005/7/8,27.97375,210.0643459,0.453104167,2.723575307,-0.341160327,2.1,0.66069996,3.179849182
2005/7/9,28.62020833,344.3466983,0.447625,3.868563272,2.597589572,2.1,0.66069996,3.598386791
2005/7/10,26.43583333,268.9218533,0.437645833,4.056592105,-1.320069221,2.1,0.66069996,1.056414531
2005/7/11,27.30645833,393.1550547,0.432395833,3.901904055,1.088466293,2.1,0.66069996,1.120994615
2005/7/12,23.3,150.9730022,0.4470625,2.659964946,-1.119222334,2.1,0.66069996,2.793264715
2005/7/13,26.74479167,375.6120351,0.471875,5.114153746,0.672770852,2.1,0.66069996,1.960022283
2005/7/14,28.14729167,205.1789212,0.459270833,3.104883991,-0.73510572,2.1,0.66069996,2.987173279
2005/7/15,29.13729167,423.2535849,0.450854167,6.702036167,0.650512662,2.1,0.66069996,0.184833157
2005/7/16,27.02604167,380.2449531,0.45275,6.043638826,3.650935439,2.1,0.66069996,0.30410914
2005/7/17,26.14458333,270.9597731,0.4510625,3.400321843,1.955994949,2.1,0.66069996,2.810109607
2005/7/18,28.63520833,294.8286123,0.447854167,4.520481006,-1.109814358,2.1,0.66069996,-0.500100275
2005/7/19,29.48958333,479.5410488,0.44475,7.458922627,1.006519671,2.1,0.66069996,-0.248182374
2005/7/20,29.40125,518.0124163,0.4395,7.933995907,3.136776855,2.1,0.66069996,-0.526201466
2005/7/21,28.66770833,361.0097261,0.4319375,6.859302529,-1.149415946,2.1,0.66069996,-5.352088772
2005/7/22,29.09791667,385.9216214,0.429666667,6.640778686,0.889100959,2.1,0.66069996,-4.919957635
2005/7/23,26.940625,141.5457826,0.422479167,2.26100819,-1.854002678,2.1,0.66069996,-1.822400137
2005/7/24,24.08458333,122.16101,0.421354167,3.647988344,0.020768377,2.1,0.66069996,1.17348515
2005/7/25,24.96791667,362.3569885,0.419229167,5.93006294,-1.700083874,2.1,0.66069996,-6.4326853
2005/7/26,25.12145833,406.3483173,0.416791667,5.852491846,-1.077960314,2.1,0.66069996,-6.445042413
2005/7/27,25.29201396,179.2492897,0.415135417,1.916741061,-1.40885986,2.1,0.66069996,-0.008975337
2005/7/28,26.63104167,409.1399207,0.4166875,5.518731283,-2.362536612,2.1,0.66069996,-7.567439136
2005/7/29,27.94916667,459.9296742,0.416645833,7.055835874,-2.470189273,2.1,0.66069996,-8.581267813
2005/7/30,27.39666667,417.5967197,0.4128125,6.474443339,-1.196985398,2.1,0.66069996,-9.48979326
2005/7/31,24.93916667,110.1823076,0.508479167,2.67516681,1.55150166,2.1,0.66069996,-1.807507702
2005/8/1,26.051685,269.3708792,-99999.0,4.649163934,-0.38783415,2.1,0.78569996,-2.667312745
2005/8/2,26.96545448,504.1774558,0.494433333,7.831963665,-2.573260405,2.1,0.78569996,-13.19185763
2005/8/3,22.855625,98.20572438,0.519041667,1.158754695,-3.430329952,2.1,0.78569996,0.218105697
2005/8/4,23.345625,179.2065053,0.492604167,3.032799728,-0.464171248,2.1,0.78569996,-3.975069642
2005/8/5,25.04166667,287.7423132,0.48275,4.986383656,-1.983692587,2.1,0.78569996,-7.666578347
2005/8/6,25.34875,340.6042216,0.476979167,5.094492831,-1.731809344,2.1,0.78569996,-8.599701531
2005/8/7,26.42145833,401.0581001,0.4711875,7.997125105,-3.131569634,2.1,0.78569996,-10.22401256
2005/8/8,24.099375,135.6849683,0.475479167,4.542139141,-0.405261384,2.1,0.78569996,-2.784145577
2005/8/9,26.74,381.3644809,0.467104167,5.25358442,-3.424356619,2.1,0.78569996,-9.762999792
2005/8/10,28.165,331.3095579,0.461208333,6.264843018,-0.714796429,2.1,0.78569996,-8.790829082
2005/8/11,29.39645833,279.8664877,0.456229167,5.396430846,-0.756264077,2.1,0.78569996,-7.7631008
2005/8/12,30.76895833,305.5830721,0.452520833,6.34826575,-3.385016724,2.1,0.78569996,-7.701811896
2005/8/13,30.36208333,289.6766508,0.446,7.105580681,-3.938418974,2.1,0.78569996,-11.29546721
2005/8/14,29.88208333,274.7970997,0.440854167,4.949646462,-4.412405029,2.1,0.78569996,-8.237859169
2005/8/15,29.870625,361.1254386,0.43625,7.320303851,-2.90679519,2.1,0.78569996,-11.56341056
2005/8/16,27.40729167,286.3099197,0.432375,4.966163986,-2.433009459,2.1,0.78569996,-6.391221032
2005/8/17,18.11541667,54.25703418,0.4619375,-0.692108023,1.698091136,2.1,0.78569996,1.285463998
2005/8/18,20.77604167,467.4661448,0.441833333,12.37711756,3.949115939,2.1,0.78569996,-13.48437955
2005/8/19,20.75916667,390.135534,0.424708333,6.610877933,2.098051729,2.1,0.78569996,-9.400646513
2005/8/20,21.19458333,353.0697784,0.411979167,7.637571578,-0.100880822,2.1,0.78569996,-11.59848305
2005/8/21,22.708125,382.5077942,0.406979167,5.28912384,-1.25826613,2.1,0.78569996,-12.53658902
2005/8/22,23.05708333,462.7554396,0.3999375,7.486244947,0.83414359,2.1,0.78569996,-11.44125604
2005/8/23,21.35541667,138.7142443,0.395229167,2.437800855,-1.848545598,2.1,0.78569996,-2.927165699
2005/8/24,22.49645833,374.6458528,0.3945625,7.809213907,0.699796785,2.1,0.78569996,-9.875132939
2005/8/25,22.50395833,395.4397083,0.388666667,6.840204239,0.609463468,2.1,0.78569996,-9.032363558
2005/8/26,23.12354167,346.6567816,0.385145833,4.883207138,-1.023921212,2.1,0.78569996,-6.977165561
2005/8/27,24.30145833,357.1031256,0.384041667,7.000558121,-0.746842518,2.1,0.78569996,-11.08717301
2005/8/28,25.01375,358.1816954,0.382333333,7.219982843,-2.22028004,2.1,0.78569996,-10.17093313
2005/8/29,22.59375,136.3133302,0.381125,2.581104241,-2.505560336,2.1,0.78569996,-1.372977527
2005/8/30,22.91541667,417.4917491,0.376625,7.250285628,-0.378314163,2.1,0.78569996,-9.528161459
2005/8/31,23.76791667,394.8321724,0.374166667,9.535818466,-0.666528429,2.1,0.78569996,-11.65182014
2005/9/1,25.40895833,384.1099382,0.372583333,7.704409693,-1.791615948,2.1,0.6268,-9.098729766
2005/9/2,21.55708333,215.2285838,0.3709375,3.531800297,-2.761773407,2.1,0.6268,-3.333089036
2005/9/3,20.14645833,468.2500444,0.364041667,8.700581073,4.4202912,2.1,0.6268,-6.74333858
2005/9/4,20.11520833,408.0230601,0.357125,6.146158371,1.769572034,2.1,0.6268,-5.224652893
2005/9/5,20.42791667,388.5643368,0.353791667,6.415444906,2.838590411,2.1,0.6268,-6.519423724
2005/9/6,20.70625,425.3699129,0.3498125,7.373265917,2.85774771,2.1,0.6268,-8.648693454
2005/9/7,21.53083333,381.276975,0.347541667,7.279126181,2.451223248,2.1,0.6268,-7.262995598
2005/9/8,22.10333333,261.7249934,0.346541667,4.182542702,2.380885188,2.1,0.6268,-9.890463097
2005/9/9,22.59416667,357.2236609,0.346645833,8.519913849,2.131085547,2.1,0.6268,-11.59601881
2005/9/10,23.68333333,371.0550774,0.3463125,8.906750766,1.382995094,2.1,0.6268,-8.098591857
2005/9/11,23.86895833,319.0210225,0.346020833,6.954045606,0.969679871,2.1,0.6268,-5.761364658
2005/9/12,23.36520833,308.6229804,0.3450625,5.634519551,0.464185178,2.1,0.6268,-5.813653007
2005/9/13,22.38270833,265.3636322,0.3436875,5.344843902,3.204618091,2.1,0.6268,-4.52726333
2005/9/14,21.00729167,296.731309,0.341708333,6.109449522,3.540780309,2.1,0.6268,-5.112333244
2005/9/15,21.735625,188.8947812,0.3418125,4.687240673,3.113414407,2.1,0.6268,-6.691931037
2005/9/16,20.29979167,107.9599494,0.44175,1.823072347,1.705997199,2.1,0.6268,0.884993005
2005/9/17,21.81041667,374.9524706,0.411604167,7.895521143,3.168097003,2.1,0.6268,-5.936024913
2005/9/18,21.5275,251.3005717,0.399875,4.531444758,1.101887928,2.1,0.6268,-4.67074041
2005/9/19,19.38083333,63.66846984,0.4655,0.730598203,1.378118007,2.1,0.6268,1.250575752
2005/9/20,16.07729167,44.77340156,0.472541667,0.353560961,2.375983572,2.1,0.6268,2.106950865
2005/9/21,17.328125,233.257727,0.475791667,3.498464124,3.496209788,2.1,0.6268,-3.623238124
2005/9/22,17.235625,395.7222483,0.4758125,6.613832656,2.540565469,2.1,0.6268,-7.247211639
2005/9/23,17.9975,355.0270612,0.473666667,6.580484754,1.363030965,2.1,0.6268,-6.101334656
2005/9/24,18.520625,302.1146588,0.467375,5.231312798,1.848096106,2.1,0.6268,-4.916562577
2005/9/25,19.500625,223.8342342,0.455416667,4.001845449,2.012424021,2.1,0.6268,-3.406300653
2005/9/26,18.0525,190.7693445,0.4455625,4.211421861,1.840963254,2.1,0.6268,-2.664637706
2005/9/27,19.64104167,221.9836757,0.439729167,3.641433969,4.087907707,2.1,0.6268,-2.574805876
2005/9/28,19.67,96.64925158,0.438020833,1.917772624,1.872455246,2.1,0.6268,1.434702295
2005/9/29,19.43625,56.48173071,0.449291667,1.56769451,2.627447566,2.1,0.6268,3.07944759
2005/9/30,19.63479167,120.6530582,0.446083333,2.769222344,1.248027492,2.1,0.6268,-0.606325188
2005/10/1,19.66854167,114.610217,0.4435,2.470607421,0.735208588,2.1,0.3875,-0.156803904
2005/10/2,17.33895833,184.6049084,0.440729167,5.485787874,2.671180162,2.1,0.3875,1.144031068
2005/10/3,14.32814042,161.5863392,0.433125,5.181413695,1.561669403,2.1,0.3875,0.33992018
2005/10/4,15.535625,335.3438916,0.4271875,6.829854554,1.571858826,2.1,0.3875,-1.116329552
2005/10/5,16.52125,329.0387153,0.423291667,5.36420704,1.550087185,2.1,0.3875,-1.271348711
2005/10/6,15.64020833,144.1329619,0.4241875,3.736045694,1.749841437,2.1,0.3875,1.671519256
2005/10/7,16.68833333,346.6780096,0.428833333,6.138766464,3.376804504,2.1,0.3875,1.14628721
2005/10/8,15.12395833,347.3232516,0.420791667,5.11105051,1.394453512,2.1,0.3875,0.664857009
2005/10/9,15.89354167,308.8155299,0.4165,5.199900802,1.221849725,2.1,0.3875,-0.333062539
2005/10/10,16.204375,294.8365043,0.413291667,4.995229037,1.597461319,2.1,0.3875,0.755594717
2005/10/11,16.35104167,299.6772808,0.410916667,4.759193399,0.928563643,2.1,0.3875,0.366667114
2005/10/12,16.63583333,96.4776742,0.410395833,3.140798746,1.738420598,2.1,0.3875,3.076730462
2005/10/13,13.92291667,62.73743604,0.4105625,2.477258268,0.24739231,2.1,0.3875,2.66440863
2005/10/14,11.37052083,253.0963613,0.401854167,5.371633938,3.32115953,2.1,0.3875,2.004447518
2005/10/15,13.42483333,304.6791852,0.397958333,3.82428613,2.187618053,2.1,0.3875,2.166389576
2005/10/16,15.40354167,284.6646257,0.395,3.535032028,2.440161552,2.1,0.3875,3.583453224
2005/10/17,15.003125,283.6364768,0.392729167,3.988412266,3.141613989,2.1,0.3875,3.114025437
2005/10/18,14.2125,146.409687,0.391,1.679217516,2.172726233,2.1,0.3875,2.667561417
2005/10/19,16.11104167,130.2726081,0.392375,1.583332748,1.746952924,1.99,0.3875,3.87492479
2005/10/20,16.01208333,87.84363459,0.392166667,2.483718837,1.826349021,1.99,0.3875,4.29943564
2005/10/21,10.77895833,223.8759594,0.386791667,4.396652524,2.416378114,1.99,0.3875,2.931218975
2005/10/22,8.1600625,295.3478385,0.378541667,2.629024587,2.433764529,1.99,0.3875,2.647146157
2005/10/23,11.5095,234.2381588,0.376145833,2.449415216,2.689171419,1.99,0.3875,3.104754589
2005/10/24,15.01166667,247.5934261,0.376645833,2.071081606,1.587309973,1.99,0.3875,2.900184801
2005/10/25,14.90416667,240.4484852,0.375583333,2.388472534,2.468929731,1.99,0.3875,3.356696375
2005/10/26,14.80720833,216.9149453,0.372979167,3.043565449,2.431753156,1.99,0.3875,4.482050261
2005/10/27,12.49395833,51.22808696,0.370875,1.371143589,0.152633732,1.99,0.3875,3.488782854
2005/10/28,9.525354167,263.2967387,0.3673125,3.677854556,0.997581676,1.99,0.3875,3.077840568
2005/10/29,8.5214375,258.658742,0.363729167,1.966068113,2.277561831,1.99,0.3875,3.425200532
2005/10/30,8.762333333,247.2738377,0.361729167,1.887324296,2.911781569,1.99,0.3875,4.007248137
2005/10/31,11.79870833,244.8276909,0.3601875,2.446869578,2.702172234,1.99,0.3875,3.96012616
2005/11/1,14.72666667,225.3005339,0.360458333,2.622552775,3.016566698,1.99,0.2598,4.675775321
2005/11/2,16.40604167,189.9876005,0.3624375,2.245381747,4.157428404,1.99,0.2598,5.445668162
2005/11/3,16.09645833,204.4569517,0.362208333,1.682266191,0.861671914,1.99,0.2598,3.521584865
2005/11/4,16.61604167,178.7824578,0.364125,1.325159962,0.189749543,1.99,0.2598,3.772139514
2005/11/5,14.680625,65.42410539,0.3640625,0.465501792,0.814331724,1.99,0.2598,3.98564014
2005/11/6,11.31491667,241.1349044,0.3609375,2.601609257,1.297890473,1.99,0.2598,2.827281769
2005/11/7,13.57979167,169.4980611,0.356729167,1.731299189,0.731526023,1.99,0.2598,3.486314198
2005/11/8,10.24314583,229.2227723,0.353458333,1.870137207,2.007141519,1.99,0.2598,3.516816898
2005/11/9,13.78854167,201.988152,0.353833333,1.304480542,2.134014162,1.99,0.2598,3.56385839
2005/11/10,14.94979167,220.0742928,0.356416667,1.395657293,1.106095308,1.99,0.2598,2.949508984
2005/11/11,12.32235417,187.0675699,0.354958333,1.824446004,1.567654072,1.99,0.2598,3.920092873
2005/11/12,11.1023125,129.3286403,0.352645833,1.278220825,1.416804829,1.99,0.2598,3.387299754
2005/11/13,8.421229167,49.45688668,0.359458333,1.305104409,-0.748849476,1.99,0.2598,2.869925547
2005/11/14,5.713020833,228.6001831,0.357104167,1.924374669,1.480204323,1.99,0.2598,2.263067787
2005/11/15,4.702666667,187.3397699,0.351333333,1.842901832,1.132129554,1.99,0.2598,2.316400786
2005/11/16,5.46075,174.5891155,0.347645833,2.011064655,0.767046171,1.99,0.2598,2.077623469
2005/11/17,6.544645833,182.6360068,0.345166667,1.516547418,0.670021914,1.99,0.2598,2.519100005
2005/11/18,6.833020833,141.3180845,0.344229167,1.20804654,0.483263972,1.99,0.2598,1.988567149
2005/11/19,4.861979167,73.70479644,0.343666667,0.318721135,0.076265331,1.99,0.2598,2.791049554
2005/11/20,3.598375,28.99749017,0.3439375,0.035434217,0.251770634,1.99,0.2598,2.218279573
2005/11/21,3.128,103.8616031,0.343833333,0.309363979,0.107442848,1.99,0.2598,2.57697316
2005/11/22,2.495333333,144.2303328,0.340416667,4.114315136,1.335693874,1.99,0.2598,2.359095075
2005/11/23,6.17,188.9536057,0.339791667,1.017839773,0.289787491,1.99,0.2598,1.713111752
2005/11/24,6.542708333,201.2457217,0.3376875,1.222799695,0.723279245,1.99,0.2598,2.466295682
2005/11/25,6.6578125,195.9730788,0.336104167,1.195129502,0.655818335,1.99,0.2598,1.431118473
2005/11/26,6.772625,195.6612727,0.336020833,1.101856737,0.480996688,1.99,0.2598,1.313254287
2005/11/27,8.1845625,122.5351115,0.335125,1.139972543,-0.004607694,1.99,0.2598,1.427512631
2005/11/28,7.400541667,215.3160897,0.335854167,1.429320995,0.553582635,1.99,0.2598,1.498470582
2005/11/29,5.084854167,206.3512448,0.331208333,0.922655293,0.245885207,1.99,0.2598,1.510846605
2005/11/30,6.547083333,190.1326521,0.33,1.128067886,0.579772694,1.99,0.2598,1.586559132
2005/12/1,4.707541667,191.3906548,0.329979167,1.098337579,0.99497109,1.99,0.2313,1.331943939
2005/12/2,2.670895833,174.6894459,0.328208333,0.905109619,0.980260452,1.99,0.2313,1.830612104
2005/12/3,0.876270833,110.5211145,0.326854167,0.745592174,0.455459206,1.99,0.2313,1.635770373
2005/12/4,-5.104125,223.4347761,0.3203125,0.86449659,1.549797974,1.99,0.2313,1.081361157
2005/12/5,-4.7045,228.9347517,0.3129375,0.691639345,2.007113437,1.99,0.2313,1.502242817
2005/12/6,-4.919291667,210.7055688,0.308125,0.723926428,1.452209639,1.99,0.2313,1.53546417
2005/12/7,-4.505833333,178.6644071,0.303229167,0.560131985,0.902005534,1.99,0.2313,1.49002651
2005/12/8,-2.245083333,153.3067614,0.298208333,0.638635476,0.84993761,1.99,0.2313,1.31487038
2005/12/9,-0.0474375,132.2751237,0.300291667,0.679664845,0.393045875,1.99,0.2313,1.549126583
2005/12/10,-0.659416667,81.08638697,0.305291667,0.628251117,-0.083126759,1.99,0.2313,1.453682316
2005/12/11,-4.795166667,139.905421,0.3060625,0.384960237,0.698592184,1.99,0.2313,1.673338221
2005/12/12,-5.871125,186.3462215,0.296479167,0.360029854,0.87366762,1.99,0.2313,1.584101868
2005/12/13,-5.327625,194.538347,0.28425,0.395143931,1.349984878,1.99,0.2313,1.553465693
2005/12/14,-4.919833333,196.7329737,0.268895833,0.420197038,0.955092811,1.99,0.2313,1.532694183
2005/12/15,-2.863104167,204.7229404,0.247583333,0.479708509,1.33146082,1.99,0.2313,1.531977952
2005/12/16,-3.2254375,195.0195017,0.226125,0.619755557,1.379037429,1.99,0.2313,1.531249522
2005/12/17,-3.324354167,215.4523359,0.208333333,0.660481065,1.114642833,1.99,0.2313,1.54472513
2005/12/18,-1.7775,180.1124748,0.193791667,0.407342482,0.670053883,1.99,0.2313,1.551720853
2005/12/19,-1.060875,160.8803535,0.186083333,0.300019379,0.631525021,1.99,0.2313,1.567538607
2005/12/20,-2.601166667,109.4014771,0.1854375,0.226045814,-0.006152035,1.99,0.2313,1.595117545
2005/12/21,-5.2788125,193.4227652,0.170666667,0.314257677,1.154338975,1.99,0.2313,1.456617607
2005/12/22,-0.1295625,197.908951,0.158145833,0.381258806,1.029758578,1.99,0.2313,1.538598476
2005/12/23,2.195666667,185.2770781,0.169625,0.440118975,0.911491695,1.99,0.2313,1.419029147
2005/12/24,1.7218125,161.5288838,0.177875,0.418547088,0.217329609,1.99,0.2313,1.162542265
2005/12/25,1.217541667,168.4418883,0.1874375,0.403502651,0.542451262,1.99,0.2313,1.207159541
2005/12/26,-1.057791667,128.3898972,0.194354167,0.343936532,0.752276481,1.99,0.2313,1.292008431
2005/12/27,0.529416667,38.89599951,0.205333333,0.192352896,0.028430014,1.99,0.2313,1.237370064
2005/12/28,1.702083333,132.17008,0.228625,0.315978797,0.511653807,1.99,0.2313,1.608059261
2005/12/29,-0.064958333,44.10700468,0.252479167,0.206613149,0.13162988,1.99,0.2313,1.724741046
2005/12/30,-2.086270833,22.6089366,0.273979167,1.005292324,1.296576867,1.99,0.2313,1.576753099
2005/12/31,-2.417666667,108.5319714,0.286958333,0.19870912,0.129214951,1.99,0.2313,1.493260736
2006/1/1,-1.709625,37.06487868,0.294979167,1.006595103,-1.143643373,1.99,0.21769999,0.531554786
